,N,NSim,typeA,Exp_a,Exp_b,mAct_a,stdAct_a,mAct_b,stdAct_b,m_IE,std_IE,m_K,std_K
0,10.0,1000.0,99.0,-0.4,0.1,0.1127021388542552,0.36915121698791736,-0.40019562399499364,0.43810793552207045,-0.04455443207946017,0.2178402707967492,0.13359470982194627,0.1249154305518794
1,10.0,1000.0,99.0,-0.4,0.1,0.08969298919178377,0.3870605876566794,-0.27785292302825104,0.3944850890824894,-0.020536008390183973,0.19856386793750577,0.11009850076407707,0.11800863842649117
2,10.0,1000.0,99.0,-0.4,0.1,0.10262706446132552,0.394970979237521,-0.2096470194020745,0.41722085314765145,-0.020085576266475943,0.18856510157441606,0.11245213907005021,0.12268557503123512
3,10.0,1000.0,99.0,-0.4,0.1,0.11128054059933572,0.3721210648273252,-0.10527542161947889,0.4129974578453181,-0.006765697827841353,0.16595255050615743,0.09935985085667241,0.10902364550858959
4,10.0,1000.0,99.0,-0.4,0.1,0.10111324090261165,0.4054551855540904,-0.01211791586749269,0.4108325559714532,0.004046492630750477,0.1644481515350456,0.09846227030314691,0.1104605879741304
5,10.0,1000.0,99.0,-0.4,0.1,0.1031843186912254,0.3680715234773542,0.09329361082206634,0.4142922789196435,0.00908726789149182,0.16822542165208432,0.09746112085808463,0.1173577484515389
6,10.0,1000.0,99.0,-0.4,0.1,0.10377248992709319,0.38735870213832413,0.2022342330370068,0.40618346615483897,0.024710467111324012,0.16786579756915643,0.110394431781073,0.11871958353405235
7,10.0,1000.0,99.0,-0.4,0.1,0.09833713113476734,0.39546886868525644,0.30306334920679223,0.3943603814117012,0.03131853631590978,0.1959055853832646,0.12365973684813597,0.13317588054492813
8,10.0,1000.0,99.0,-0.4,0.1,0.09873133391049052,0.3648469280840528,0.4071386256865821,0.3969232604046266,0.034538071273299484,0.20660618690224436,0.13749545001289107,0.1322285312498004
9,10.0,1000.0,99.0,-0.3,0.1,0.11175356559759811,0.37762030961457205,-0.40396585231833054,0.40216114896134586,-0.04162055169506248,0.22034442713138372,0.1313171468745127,0.12642455373888511
10,10.0,1000.0,99.0,-0.3,0.1,0.09362813200845976,0.39487083269639783,-0.33214992169166707,0.3962519045216716,-0.029822893356761353,0.20206276868376594,0.12707848967694071,0.12818785309619188
11,10.0,1000.0,99.0,-0.3,0.1,0.1093499173086006,0.3817100184935209,-0.19330105218128318,0.3932023867363718,-0.024076480757512612,0.1841524737192329,0.10429826819779561,0.11978341765590807
12,10.0,1000.0,99.0,-0.3,0.1,0.10669914105092299,0.3765243931284898,-0.08860492222447547,0.40356169443381995,-0.008497824435094125,0.169800086365592,0.09788907552827113,0.10978054823626349
13,10.0,1000.0,99.0,-0.3,0.1,0.11766086283367358,0.36899157847638464,-0.005181665118556982,0.4083201066917505,-0.009490710470545914,0.15320223531685456,0.09284806871177702,0.10579000791499026
14,10.0,1000.0,99.0,-0.3,0.1,0.10785921275708049,0.4077670747259529,0.1001779248290436,0.40151342125225814,0.014786139269867939,0.1697851458389306,0.09905133345208361,0.11113304839227865
15,10.0,1000.0,99.0,-0.3,0.1,0.11475737472942792,0.3849011988116735,0.19317204509878153,0.40797021162276037,0.022570693042036027,0.17536357095004812,0.1072622490870946,0.11632378863024945
16,10.0,1000.0,99.0,-0.3,0.1,0.09208745660696814,0.37815464089750933,0.3095020048435808,0.4149444794183183,0.025501373322647986,0.20186567020060023,0.1210994245561234,0.12985810926525415
17,10.0,1000.0,99.0,-0.3,0.1,0.11361762754593249,0.38975774764135324,0.40257811581311703,0.4185133567847944,0.05189959669318479,0.22630826137983373,0.14304456146460007,0.14232586237320974
18,10.0,1000.0,99.0,-0.2,0.1,0.09911626669461394,0.3936570389895661,-0.39204552075812793,0.38643425850829366,-0.04362300755070557,0.21117807586127987,0.13529197138048413,0.13293472919024782
19,10.0,1000.0,99.0,-0.2,0.1,0.11028948246755002,0.36033698702939215,-0.29290633610815714,0.41520744610616456,-0.03683580588669491,0.20315199150466642,0.11825201754718748,0.12218665401055699
20,10.0,1000.0,99.0,-0.2,0.1,0.09550366413753736,0.3792083736529108,-0.18116548088705375,0.41122195271498657,-0.01298186945981022,0.1700647454873772,0.09856001744807105,0.103607899614123
21,10.0,1000.0,99.0,-0.2,0.1,0.08171796021232894,0.37407289926372156,-0.10996229399406192,0.38150757566392046,-0.0029901366613341892,0.1457841917288017,0.08610551355525578,0.09670409459262393
22,10.0,1000.0,99.0,-0.2,0.1,0.08239461834731092,0.35864526604758856,-0.011855451257088964,0.41129466818807664,0.006399242522605595,0.16611095393796504,0.09216137012920345,0.10928800246358805
23,10.0,1000.0,99.0,-0.2,0.1,0.10114857578079198,0.36277022484590343,0.11662421465799216,0.4040971517495165,0.015353123707382657,0.144576728379848,0.09404109695566443,0.10344385906376023
24,10.0,1000.0,99.0,-0.2,0.1,0.09246982310472124,0.3922332175838255,0.18566766361139253,0.43045528051624415,0.012193669960892562,0.1896201748607479,0.1078895283736717,0.12054043683199614
25,10.0,1000.0,99.0,-0.2,0.1,0.09836281664405112,0.39081547617440454,0.3082848352922057,0.3962598384978024,0.028181476693864588,0.19996547113455523,0.12213653663832541,0.12601769088031367
26,10.0,1000.0,99.0,-0.2,0.1,0.09066100867797287,0.3792246877067207,0.38367463972714155,0.4145863302086836,0.03443664746021196,0.2190800258407293,0.13121723174810568,0.1369180681590075
27,10.0,1000.0,99.0,-0.1,0.1,0.09927355883584914,0.37551145216720716,-0.40121038000219067,0.4367407367015847,-0.03965908766822259,0.21686934117553247,0.13749593796559811,0.1374050480822859
28,10.0,1000.0,99.0,-0.1,0.1,0.08731411454862216,0.37498291404902695,-0.3013514141583281,0.4136046429531413,-0.023779602943591868,0.1888594219499291,0.11576281372714353,0.12575322527911267
29,10.0,1000.0,99.0,-0.1,0.1,0.11130030540147853,0.3845820279039934,-0.2058932494111417,0.40694703052217446,-0.017559649116204754,0.18832777038592521,0.10445309071208655,0.11703280458485778
30,10.0,1000.0,99.0,-0.1,0.1,0.10243863352366689,0.37013717454959694,-0.11022163979421004,0.40293342623082984,-0.008452120688274846,0.16816882017764961,0.09682893192832547,0.10920643694934967
31,10.0,1000.0,99.0,-0.1,0.1,0.09803958518888799,0.3902043769096383,0.0009964009274231027,0.38965322292660554,-0.009103073729635477,0.15244834939968901,0.0860561632103697,0.09797478685246803
32,10.0,1000.0,99.0,-0.1,0.1,0.0913719985712847,0.40142059581444695,0.09008464145586055,0.40017914344515604,0.01505885385355694,0.16278007350035906,0.099496859998908,0.11621572760974973
33,10.0,1000.0,99.0,-0.1,0.1,0.10525764372452998,0.37520813322969626,0.22009858689978246,0.4136631468673466,0.02655722102660205,0.17601700357852107,0.10444057372912029,0.11593551857744831
34,10.0,1000.0,99.0,-0.1,0.1,0.10605055736607034,0.3597563977418162,0.32164425044511163,0.4280917099818685,0.03455169073586049,0.21984365420734134,0.124673585467335,0.13070292779084447
35,10.0,1000.0,99.0,-0.1,0.1,0.11814172890226875,0.3680302933634502,0.3916900237586797,0.4051059979307007,0.039941641356124435,0.21316206556711165,0.13767057733982596,0.13929639528845178
36,10.0,1000.0,99.0,0.0,0.1,0.09533384345740795,0.3834437399835778,-0.38133962639733904,0.40558541140048,-0.043170864684438516,0.2222666507862332,0.13157253445490186,0.13398917717134937
37,10.0,1000.0,99.0,0.0,0.1,0.1060166375226074,0.36012535852397765,-0.29162880059287954,0.4213286087019805,-0.025627260975419768,0.18007846666492802,0.11404225768656313,0.11822585235030277
38,10.0,1000.0,99.0,0.0,0.1,0.07757341930464898,0.3897148980417761,-0.18848630575343128,0.4003689420775951,-0.022799732123598957,0.19699226290546937,0.10577719334886103,0.11630632695980489
39,10.0,1000.0,99.0,0.0,0.1,0.10463668668015806,0.35534658929608,-0.10898274922777869,0.38638802406147144,-0.010651526972695748,0.15932820250353552,0.09289674680469472,0.10812305171290859
40,10.0,1000.0,99.0,0.0,0.1,0.1113248184473211,0.37493637376688466,-0.02557984380624179,0.4103064952093332,0.002287367496915418,0.15496616960571033,0.09329197766064845,0.11432674529303431
41,10.0,1000.0,99.0,0.0,0.1,0.08965759790637319,0.3756367914659698,0.10540921539792718,0.3927690090404385,0.0074207963736705905,0.15726298738330222,0.09325506136839909,0.10856198634703253
42,10.0,1000.0,99.0,0.0,0.1,0.11815461955699208,0.37740187677339554,0.22559447961157475,0.39681263908636916,0.02071131912412965,0.18186865935034377,0.1064524263846149,0.11496159886851412
43,10.0,1000.0,99.0,0.0,0.1,0.0848027466804109,0.38527920674067573,0.3060900456521326,0.42575023917084476,0.029349589086766614,0.20368753577325407,0.11838391979059609,0.12922165974887623
44,10.0,1000.0,99.0,0.0,0.1,0.09113980479121503,0.3824738850946775,0.3969292933259919,0.4132395838162057,0.034695694129198894,0.20893889903573787,0.13092094080516103,0.1285454033169721
45,10.0,1000.0,99.0,0.1,0.1,0.09790446449782374,0.3656034384801251,-0.39225306775033,0.4191218274713012,-0.04288787802753682,0.21615667448367212,0.12949302522428002,0.1325655889417611
46,10.0,1000.0,99.0,0.1,0.1,0.09037416551554645,0.37172816170314144,-0.28553395843409385,0.39719765663376194,-0.024868243137297387,0.17991372876016026,0.11520820834678937,0.12255138108519631
47,10.0,1000.0,99.0,0.1,0.1,0.0893197915898736,0.3721311267240603,-0.20994438198835896,0.39766665378480764,-0.012494460793473793,0.16685621564815542,0.10186212336275037,0.10902607124074185
48,10.0,1000.0,99.0,0.1,0.1,0.10819800172338122,0.34624395635593297,-0.1047713332550922,0.4358606436839735,-0.012637447399926336,0.1621084496785969,0.10134327582780564,0.11882579547174746
49,10.0,1000.0,99.0,0.1,0.1,0.1089072273591345,0.37876647652001844,-0.02718187118130595,0.3929466885214673,-0.00988173890116244,0.1544288474013566,0.09448063012219857,0.11253045364039818
50,10.0,1000.0,99.0,0.1,0.1,0.11729354451915659,0.3774326665527713,0.10222719534717381,0.40845561076737247,0.018606133835408066,0.18389097804898447,0.09537413419424798,0.11117917180894644
51,10.0,1000.0,99.0,0.1,0.1,0.11420591767862028,0.37349752652223756,0.1833838820975971,0.4162888166471148,0.021839243917350527,0.17113919686417628,0.10373948980757046,0.11519882157871565
52,10.0,1000.0,99.0,0.1,0.1,0.10331140736145951,0.37259033148312065,0.28483975021609775,0.4476537895306977,0.02863709939586366,0.20336789667060526,0.12032579696502904,0.12338657639350825
53,10.0,1000.0,99.0,0.1,0.1,0.10365751850193898,0.36735245838835673,0.4158689825344414,0.4091066945906238,0.04495178420536057,0.21098490329108244,0.13728720535961564,0.13288525019961062
54,10.0,1000.0,99.0,0.2,0.1,0.12474466990440837,0.3903153620695427,-0.3912208598851368,0.4202695095780964,-0.05264111697903168,0.23142010034593793,0.14119410947581712,0.14315922176988136
55,10.0,1000.0,99.0,0.2,0.1,0.08211164516034969,0.3844361432892452,-0.30073415761210043,0.4041257348512481,-0.02037476873485658,0.1961895346172126,0.11971411108401843,0.12870962983641734
56,10.0,1000.0,99.0,0.2,0.1,0.10810775825009998,0.37796902909114627,-0.19067364179253962,0.4210198542499787,-0.024103346514752037,0.18076258298357814,0.11020179928513989,0.11557014515686886
57,10.0,1000.0,99.0,0.2,0.1,0.10040103909184059,0.38553861793596816,-0.11091502760644757,0.4026410470914959,-0.0066585814990935965,0.17592353426252388,0.09828103958008293,0.10883509781945956
58,10.0,1000.0,99.0,0.2,0.1,0.08802987271461453,0.37508115074019016,0.009486225374024158,0.409925454856117,0.0016130115742468442,0.1659680538023685,0.09937676316711117,0.11513445906014126
59,10.0,1000.0,99.0,0.2,0.1,0.10364675136163672,0.37934492694889005,0.07317545727349162,0.4046439213912044,0.008871059324147935,0.1553583143877758,0.09422976918733011,0.10171343771832972
60,10.0,1000.0,99.0,0.2,0.1,0.09812402385476818,0.38176190270802,0.1936123759435302,0.4284069426656531,0.01863531844370182,0.1936682933755504,0.11047991464068053,0.12600441216558772
61,10.0,1000.0,99.0,0.2,0.1,0.11002843611927965,0.40017216050068866,0.29830603731343486,0.40295701478672225,0.03502586354480636,0.1999918967008835,0.11910178007824297,0.11593168277067321
62,10.0,1000.0,99.0,0.2,0.1,0.09669251175721302,0.3897198273744178,0.43130637495328644,0.40467760055282737,0.04016604701711148,0.23504999738016344,0.13973922496886199,0.13295360186762872
63,10.0,1000.0,99.0,0.3,0.1,0.12456581286771626,0.38337417832597265,-0.3884265642237188,0.41913823624370183,-0.043767297767544205,0.2297749315587574,0.14218788151806105,0.1400112109174068
64,10.0,1000.0,99.0,0.3,0.1,0.1057367864508369,0.3817866084795044,-0.3041819455929429,0.4191153171082057,-0.032422270870445864,0.1942571120163328,0.12141613294038717,0.12743842257971344
65,10.0,1000.0,99.0,0.3,0.1,0.09491850793011415,0.36280933451864794,-0.20059851239288146,0.4109005813287991,-0.01724092721087937,0.16088193439362988,0.10709626043261221,0.11958347187109138
66,10.0,1000.0,99.0,0.3,0.1,0.10926119466566919,0.37659751486074733,-0.109835155233365,0.4038943460228346,-0.013062275839487143,0.16659311800007826,0.10008787915380955,0.11639470683558602
67,10.0,1000.0,99.0,0.3,0.1,0.09976494108470044,0.37860720273010906,0.02187479425341936,0.41318579079291784,0.00901809993600393,0.15923552977715227,0.0993411497582014,0.11196242792506113
68,10.0,1000.0,99.0,0.3,0.1,0.08165594061829555,0.3787124412879939,0.10963735662012505,0.4060419034707748,0.010078621310079115,0.16005700569301679,0.09787216868870137,0.11209988190296075
69,10.0,1000.0,99.0,0.3,0.1,0.0847531159665092,0.3808870109104043,0.20414999639749312,0.41246395419875403,0.018863541171385674,0.17654312293761076,0.10353781325943592,0.11610352754450554
70,10.0,1000.0,99.0,0.3,0.1,0.09753240071490082,0.39098420036540377,0.3165648779000292,0.3838275026491288,0.034084344570966006,0.20081405279906642,0.11657829030012329,0.12639106005213435
71,10.0,1000.0,99.0,0.3,0.1,0.10146297061592638,0.3798593937832951,0.3913850032454817,0.4013263350174324,0.0358838104674952,0.21505446910888598,0.12946325231307976,0.12704901102609056
72,10.0,1000.0,99.0,0.4,0.1,0.09779621982610126,0.36442986500374874,-0.41352581858640597,0.41272971616180093,-0.03788967760945747,0.2147459775206517,0.1430050907018401,0.14057573933077505
73,10.0,1000.0,99.0,0.4,0.1,0.09818185886777717,0.383402998339816,-0.28424094608463374,0.4177278678825284,-0.02306432172336254,0.19944402855849352,0.12728203007933006,0.13291169187038615
74,10.0,1000.0,99.0,0.4,0.1,0.10821712341531847,0.3862603271087382,-0.2097156229424524,0.41577061088089257,-0.013532678587035094,0.1875427065117016,0.11119046609844564,0.12971030756760885
75,10.0,1000.0,99.0,0.4,0.1,0.09917033804279896,0.37048270495402547,-0.11229021800567952,0.4093788149280951,-0.014074798408550027,0.15658541166623213,0.10267232524556602,0.11163188758012113
76,10.0,1000.0,99.0,0.4,0.1,0.0979778925096982,0.38621206525172025,-0.003578516868287226,0.4154894225171306,0.002875077240082536,0.14277876687946886,0.09368926289616224,0.10213469058093945
77,10.0,1000.0,99.0,0.4,0.1,0.10745192866447019,0.3792935488087545,0.06629956334532983,0.4306076182135536,0.01964364032896223,0.1787561847525504,0.10444293249858262,0.11815713108390191
78,10.0,1000.0,99.0,0.4,0.1,0.0813093298526422,0.3794347831331972,0.194939955291981,0.422251508967851,0.015268566518712633,0.18412839157408975,0.10201193607348998,0.1121506883512238
79,10.0,1000.0,99.0,0.4,0.1,0.12007993774295707,0.377689650782292,0.32959810487676966,0.42185652401718055,0.039613292133204664,0.20909719644341296,0.1231108711741494,0.12299008691457033
80,10.0,1000.0,99.0,0.4,0.1,0.09954592739385083,0.3711435710265176,0.3932224750892933,0.38757438521923887,0.042718759422163896,0.20457776226569935,0.1260968144632019,0.12057852506006957
81,10.0,1000.0,1.0,-0.4,0.1,0.10025797695018264,0.020467733086816344,-0.4317585580171552,0.4078893440987431,-0.04284804689251519,0.04220354896517466,0.38889191614027735,0.21116333512112978
82,10.0,1000.0,1.0,-0.4,0.1,0.10001791484579686,0.020650479696514422,-0.29569185455132935,0.3985302529788088,-0.029768229826994272,0.0400717932117874,0.3251212765546177,0.19800886957152605
83,10.0,1000.0,1.0,-0.4,0.1,0.09956948851306194,0.02096236052935719,-0.19011521664380057,0.3978173097470753,-0.018629652981936872,0.041046581777924855,0.29957650932320756,0.19381913969928555
84,10.0,1000.0,1.0,-0.4,0.1,0.10010910174465111,0.020427378306843637,-0.11366454498868478,0.40483776283113315,-0.011474558570849244,0.04088767136565021,0.2807692835324375,0.18903857548531633
85,10.0,1000.0,1.0,-0.4,0.1,0.10118471747531059,0.020265253037091337,0.007690625371857914,0.42083234242391376,0.0005314433119445538,0.04455849120117325,0.27874258076013486,0.191983456999891
86,10.0,1000.0,1.0,-0.4,0.1,0.09987446132334224,0.021280439020180602,0.10931944529704038,0.40788012421856396,0.01082521973313322,0.04140567183884739,0.2947909829828226,0.1964999869944695
87,10.0,1000.0,1.0,-0.4,0.1,0.09998881169681939,0.02072648227965479,0.1891685546123607,0.39867909412832686,0.018707552188127544,0.04008648460262348,0.3087050867616899,0.21084578298548415
88,10.0,1000.0,1.0,-0.4,0.1,0.10203015823625483,0.019807242688673912,0.31079150324814464,0.4099567081821267,0.03202066794610848,0.04300236979325024,0.35750549985500263,0.22405760050090162
89,10.0,1000.0,1.0,-0.4,0.1,0.0993307306815968,0.020835429676737172,0.38987317914774733,0.43047712559119383,0.038715782116061644,0.044002770585676025,0.3872744366511206,0.23657245147466688
90,10.0,1000.0,1.0,-0.3,0.1,0.09961223524689368,0.020469935545641374,-0.36642695826722876,0.408553331329327,-0.03664427364858958,0.04222207004014986,0.3538706983721527,0.19758698819217035
91,10.0,1000.0,1.0,-0.3,0.1,0.09913922111712915,0.020992038963593133,-0.3065015177135003,0.3945923147952266,-0.02991268335790724,0.04011424713297972,0.31838201793730225,0.2023839944916849
92,10.0,1000.0,1.0,-0.3,0.1,0.09882612601900885,0.02080965010745898,-0.19830742234877902,0.4206374650089189,-0.019415826992866796,0.04292008295303735,0.29894089645743305,0.20121255768833513
93,10.0,1000.0,1.0,-0.3,0.1,0.09947695161627945,0.01997228106372453,-0.09365871256115904,0.40420314267194024,-0.00991189635067932,0.04091680010436602,0.2707292574073659,0.18836902893845342
94,10.0,1000.0,1.0,-0.3,0.1,0.09962750817091963,0.01986667110701376,-0.007570405756613838,0.42188425078634023,-0.0007155994788782432,0.042887105236183484,0.28588138074482644,0.19467065995482094
95,10.0,1000.0,1.0,-0.3,0.1,0.10089514319341647,0.020671772326541653,0.10862417862289325,0.40779634671944565,0.01064410823721741,0.04196076799810605,0.28752626909658935,0.19554474160121477
96,10.0,1000.0,1.0,-0.3,0.1,0.10086678251411102,0.019816761600467362,0.21596249927094038,0.3941466049349958,0.021802357856848295,0.041009958171573324,0.31691664676424436,0.205674831427163
97,10.0,1000.0,1.0,-0.3,0.1,0.09904005249537232,0.02023130704393298,0.3013570059926502,0.39919903991208705,0.02967079370281538,0.04100214975076605,0.3454936216979835,0.22136154572494585
98,10.0,1000.0,1.0,-0.3,0.1,0.10120784120141721,0.021096078072009826,0.39580626508812433,0.40344777267157844,0.039913086380460344,0.0424307681245164,0.39548048741898617,0.23034782435856915
99,10.0,1000.0,1.0,-0.2,0.1,0.1001707449736851,0.020985735165992767,-0.39089691916323577,0.40706291395124766,-0.038862485336061396,0.04262955300816649,0.3619528391091651,0.20171423350950793
100,10.0,1000.0,1.0,-0.2,0.1,0.0995889064540967,0.020303390908755565,-0.3023461907691886,0.4027658523463234,-0.030173751422308635,0.04140864245387243,0.32282584066799624,0.19832143557310877
101,10.0,1000.0,1.0,-0.2,0.1,0.10024706872119123,0.0208917642602671,-0.1863292695069612,0.41121493368339745,-0.018749952622983984,0.04214504978038777,0.2935297606004989,0.1918525948608226
102,10.0,1000.0,1.0,-0.2,0.1,0.09911712795517713,0.019975588340654143,-0.11430523997147002,0.3917431518915621,-0.011502662709502702,0.03916277306577231,0.2701742575661824,0.18770652038289767
103,10.0,1000.0,1.0,-0.2,0.1,0.09953829950130418,0.020672664528850946,-0.001755930451998524,0.40261501646908626,-0.00124950899132386,0.04125819531374225,0.2687722791629731,0.1874499165258808
104,10.0,1000.0,1.0,-0.2,0.1,0.10072635867385306,0.021460873304269264,0.120814140433832,0.4092293344076879,0.012714242612404813,0.04220279749748064,0.2807964653223719,0.2036357544902733
105,10.0,1000.0,1.0,-0.2,0.1,0.10009829809780339,0.02065201273702669,0.20873267796432288,0.4057494779237696,0.02091478889927138,0.041380416740545316,0.2977495216332046,0.20242222714653238
106,10.0,1000.0,1.0,-0.2,0.1,0.10080477819832999,0.02027248399098828,0.29194807167942805,0.39980270891094766,0.03015267130678862,0.0424586440122371,0.3269642706441014,0.2164425975520648
107,10.0,1000.0,1.0,-0.2,0.1,0.09992762819687531,0.019652239920655012,0.39366918309808774,0.3942742373538863,0.039460132553726185,0.04164716165122469,0.3919238292053666,0.23162696261308863
108,10.0,1000.0,1.0,-0.1,0.1,0.09908587685514317,0.020608326392597864,-0.40697861853358525,0.41678449965575826,-0.04034799444050823,0.04337545879473541,0.3637850954545195,0.2075950922734047
109,10.0,1000.0,1.0,-0.1,0.1,0.10012613433327988,0.020721444480028543,-0.3043762528526052,0.41897687889273155,-0.030256568557285632,0.0436900522577214,0.3188126652651453,0.2041808104318927
110,10.0,1000.0,1.0,-0.1,0.1,0.0990382064064381,0.02074341618031268,-0.19099323742012445,0.41579209008709145,-0.019160009273952852,0.04212553885412588,0.2826826069991303,0.1955714834989712
111,10.0,1000.0,1.0,-0.1,0.1,0.10023381189927127,0.02114355839462529,-0.10380945024025358,0.42395529146902355,-0.010533680133846531,0.04302421114350224,0.27562105796136555,0.19433771053579338
112,10.0,1000.0,1.0,-0.1,0.1,0.09999438349316239,0.020468719163683875,0.004526619417096265,0.4096415866961754,0.0008480857349322452,0.04204830506015788,0.2656994399905475,0.1903094143968608
113,10.0,1000.0,1.0,-0.1,0.1,0.09937742496218824,0.020526023860821946,0.11344940917823539,0.41492012131273337,0.011116510034397514,0.04186319912143002,0.27198309441150637,0.1964315663487963
114,10.0,1000.0,1.0,-0.1,0.1,0.09948607646342042,0.020275494728647033,0.20986589973596567,0.4188729321993125,0.020607903537096392,0.042596734318141705,0.30326578434537,0.20329930289074655
115,10.0,1000.0,1.0,-0.1,0.1,0.10000843695461795,0.02055972570231459,0.30336127879746666,0.40478364810845646,0.030952188169996092,0.04258382778550401,0.3389543403935906,0.2166550123217821
116,10.0,1000.0,1.0,-0.1,0.1,0.10011687473918221,0.020719896551508535,0.3854795770456001,0.4027316672999909,0.038501893507773076,0.04227003725140882,0.37462653623612835,0.2251112700378264
117,10.0,1000.0,1.0,0.0,0.1,0.1003625365014493,0.019929833106582296,-0.3780326105634333,0.4172398933292944,-0.03777732167724297,0.043228293567734714,0.36593838280763463,0.2196795653594741
118,10.0,1000.0,1.0,0.0,0.1,0.0992072449202372,0.020156907142010377,-0.32032661087556297,0.4130252247989529,-0.03187913068312806,0.04231815207008832,0.33400218680415306,0.21361732861160124
119,10.0,1000.0,1.0,0.0,0.1,0.10059460170259361,0.02080012686344704,-0.18571382475514706,0.40868102431405157,-0.018577531401491494,0.043224024200078516,0.2849310011527117,0.19521344966891546
120,10.0,1000.0,1.0,0.0,0.1,0.1009599457480798,0.020050185668164754,-0.09736826750966864,0.4168443551603843,-0.009930109492104702,0.04298638016001807,0.2744917829567776,0.19334905578472283
121,10.0,1000.0,1.0,0.0,0.1,0.09934964364476376,0.0210671674629386,0.019670980887731827,0.4063561951059857,0.0024578040162372234,0.04223572274707477,0.2561246408679871,0.1878558083786308
122,10.0,1000.0,1.0,0.0,0.1,0.09937446415723114,0.020679507446992866,0.0808689769257081,0.4245642247081357,0.008393839995837642,0.04332330751294832,0.2702454831806151,0.19240633527964218
123,10.0,1000.0,1.0,0.0,0.1,0.09995461126179567,0.021241569262649147,0.19997881920442803,0.42525381207895124,0.01991942774484212,0.04351889244126243,0.28710773842758963,0.20727884994915993
124,10.0,1000.0,1.0,0.0,0.1,0.10052623059996614,0.01985400618768962,0.2895028667875848,0.41298581671158097,0.029319715247886364,0.0427717398389087,0.32686928943408666,0.21625701524342295
125,10.0,1000.0,1.0,0.0,0.1,0.09961866404704324,0.020201818321734497,0.4106360358467951,0.38718921537487483,0.040911680302945695,0.0396545449465686,0.37260409416099105,0.21351915750029934
126,10.0,1000.0,1.0,0.1,0.1,0.10065435969202997,0.02065208371619186,-0.38784956249152025,0.3956506228831894,-0.03912525947533113,0.04204604215752252,0.3782384941597024,0.22072328601165703
127,10.0,1000.0,1.0,0.1,0.1,0.10126981744599169,0.02051978859141061,-0.32350007239828893,0.42822923578305394,-0.03319190075147731,0.045375521242580576,0.35515361291647934,0.21696840616065188
128,10.0,1000.0,1.0,0.1,0.1,0.09966268894160475,0.02097472181968259,-0.19460367184567742,0.43099805320905465,-0.019582537316705895,0.04370307996164831,0.3069626291966419,0.2036680043303623
129,10.0,1000.0,1.0,0.1,0.1,0.09953886484600037,0.01956131738783478,-0.10082041374270742,0.3898850285826186,-0.010196725969656883,0.0400333608197062,0.2674945788407841,0.1910274737773503
130,10.0,1000.0,1.0,0.1,0.1,0.0988765069027541,0.021857015010348212,-0.0065132343646810064,0.42622484751169126,-0.000633209926431441,0.04324334743085613,0.2671231385849546,0.18860252305753325
131,10.0,1000.0,1.0,0.1,0.1,0.10044639474101745,0.021284328126017993,0.07698072244201648,0.3996403534163494,0.007257488303653869,0.0412034132373301,0.25820418059732025,0.19103541660856554
132,10.0,1000.0,1.0,0.1,0.1,0.09915202637472982,0.0206848730236999,0.1906963922291843,0.38726831719659655,0.018940628203517853,0.03919495629765632,0.2820645727959155,0.18565209870034446
133,10.0,1000.0,1.0,0.1,0.1,0.09977498029287903,0.02005920033000548,0.3309399747629316,0.40756542188382755,0.033258642135948646,0.04094732545449785,0.3236339824879699,0.19554875344476627
134,10.0,1000.0,1.0,0.1,0.1,0.099528776853087,0.020403429382546384,0.41669588476121167,0.39583723207622407,0.041821853097472,0.04160864539033595,0.3613388893532863,0.20706227610885627
135,10.0,1000.0,1.0,0.2,0.1,0.09918203562748747,0.01973094341345241,-0.4010153401936983,0.41142349170435005,-0.039933458154631736,0.04273640888034828,0.39365710893500716,0.23349968534402166
136,10.0,1000.0,1.0,0.2,0.1,0.09963997908060315,0.02019578138372143,-0.2999570945101093,0.38670927684532286,-0.029870495791644983,0.039510633240272146,0.34205724558956974,0.2243063341561221
137,10.0,1000.0,1.0,0.2,0.1,0.09981917931128508,0.0205280820902033,-0.17611184553555642,0.431615935042342,-0.017866398921967883,0.0441585395417429,0.30619971311638117,0.20926020067515053
138,10.0,1000.0,1.0,0.2,0.1,0.10052495750814075,0.020949516256778173,-0.09519101210273913,0.4026520462865346,-0.009157763972358034,0.04169768151831301,0.2828209271632275,0.190705784512366
139,10.0,1000.0,1.0,0.2,0.1,0.10086216352116469,0.020451668430449807,0.011277068634823419,0.4037881013069365,0.0010396255362944227,0.04143938784705374,0.263455518900089,0.1867441579049355
140,10.0,1000.0,1.0,0.2,0.1,0.10022676341629508,0.020928175632771252,0.10871367988092523,0.39617231907273315,0.011200830349132754,0.04103386588728712,0.2697106462356297,0.18503296665794405
141,10.0,1000.0,1.0,0.2,0.1,0.10102501088110918,0.020944556003765994,0.21518724641235948,0.4222205153548422,0.022261850358905173,0.04329738238079203,0.29292006410014143,0.19528730578367376
142,10.0,1000.0,1.0,0.2,0.1,0.10009993904407857,0.02054831511393621,0.3085407181460407,0.4122179650761389,0.0313439226692373,0.04231968320219828,0.3224411167878027,0.19694439822225623
143,10.0,1000.0,1.0,0.2,0.1,0.10170258786001003,0.02084653893513547,0.39177009387888906,0.40990742815402237,0.04023675541036187,0.0432658026630434,0.3610014068841398,0.2040128290660951
144,10.0,1000.0,1.0,0.3,0.1,0.10007469549527431,0.021149241850262696,-0.40478589470060683,0.39069424792343566,-0.04073248648578249,0.040884847391168024,0.39458280403529417,0.22778520355736073
145,10.0,1000.0,1.0,0.3,0.1,0.10064761572342001,0.02042133032045351,-0.292335360921412,0.4010340755541425,-0.02956811533733407,0.04254324161917999,0.33772196363860263,0.21924622904235588
146,10.0,1000.0,1.0,0.3,0.1,0.09895538193881064,0.020715911033974205,-0.206796856361768,0.4091397548731444,-0.020430799465422287,0.042504492893851706,0.3079316259300891,0.21699824644814839
147,10.0,1000.0,1.0,0.3,0.1,0.10045733732105584,0.020832303463009544,-0.07622521944238353,0.40421224367970543,-0.007626299252330373,0.04145603667767296,0.2837985178529366,0.1967954460865785
148,10.0,1000.0,1.0,0.3,0.1,0.10008432537075704,0.02046201138176736,-0.000148472067468985,0.39880635426836153,-0.00028133638628809264,0.040806550431718235,0.2632332671605776,0.1899549670370664
149,10.0,1000.0,1.0,0.3,0.1,0.09928397519408225,0.020020933555017374,0.09586743637550768,0.4069121033172978,0.009838256680746105,0.041420747090397884,0.2779119652786173,0.18516169306862712
150,10.0,1000.0,1.0,0.3,0.1,0.0984710066192811,0.022426230778113912,0.19538214154029235,0.4085139183660248,0.019428718922218823,0.041064178741756274,0.29049286640837746,0.1901484941472926
151,10.0,1000.0,1.0,0.3,0.1,0.09961141831943102,0.020303837281100936,0.298015423751412,0.40788946696123063,0.029895615542009608,0.04157840356835979,0.33254293643749416,0.20003785902819443
152,10.0,1000.0,1.0,0.3,0.1,0.10003161402393156,0.0207704717261922,0.4209184731412049,0.4058461856102611,0.041869232577330634,0.04217328591057795,0.3798181211509403,0.2055983159622328
153,10.0,1000.0,1.0,0.4,0.1,0.10121423947280041,0.02045068577959007,-0.3891918258951542,0.41559698873862144,-0.039291484412956955,0.042683807091631144,0.3898635652374105,0.23390719179473105
154,10.0,1000.0,1.0,0.4,0.1,0.10033192451869942,0.01950457337779489,-0.2894230563338488,0.42247605337698935,-0.029185366217397427,0.04428276093278746,0.3551518351926034,0.22842598057637278
155,10.0,1000.0,1.0,0.4,0.1,0.0992253305170504,0.02059006672124758,-0.21266098155778212,0.3976670638005263,-0.02132597770400425,0.04051249323227466,0.3115757017944791,0.21172829149347225
156,10.0,1000.0,1.0,0.4,0.1,0.09974918150700111,0.019785320730830256,-0.09044213304543325,0.39453973418807636,-0.008713893985522064,0.0402299893919971,0.2813349577006592,0.19697649747648613
157,10.0,1000.0,1.0,0.4,0.1,0.09931605951322078,0.020720014428325963,-0.0082493146523408,0.40895403852714224,-0.0009813510402805973,0.041503260940571565,0.28264977068647706,0.1888287305544946
158,10.0,1000.0,1.0,0.4,0.1,0.10000010161492862,0.020734784528661655,0.10042536877158842,0.4090999031794296,0.010262194078959088,0.04157288909406,0.28432687221834724,0.19064608156985616
159,10.0,1000.0,1.0,0.4,0.1,0.10008688986922301,0.01990134799701344,0.2185795253207713,0.4242193449066883,0.022273106556726218,0.04340406165516713,0.30486424909627535,0.19752031567319023
160,10.0,1000.0,1.0,0.4,0.1,0.0994203676212448,0.02161709433691347,0.30035581061466393,0.40009630240360805,0.02991811063099657,0.040758238521040664,0.3434313314017792,0.2007568056720403
161,10.0,1000.0,1.0,0.4,0.1,0.1008728882560036,0.020874915693057886,0.3836643321190995,0.39709220041060184,0.03886730466344144,0.04195184993425084,0.36750140508722434,0.20581571958801778
162,10.0,1000.0,2.0,-0.4,0.1,0.08211164705883517,0.6163747884056605,-0.42098064770203825,0.4104135571693699,-0.04311501926233591,0.36876240985647996,0.1337226780433934,0.1333258308972781
163,10.0,1000.0,2.0,-0.4,0.1,0.09683614167459913,0.6303972023028992,-0.3192820448942436,0.4285631580164342,-0.033220436586826704,0.3133692290848258,0.11684567889895338,0.119066175705821
164,10.0,1000.0,2.0,-0.4,0.1,0.12461889393079947,0.6292295672060035,-0.20169365885495996,0.41758894257309104,-0.006803880933681414,0.2918593564666334,0.10367045636926804,0.11147734505881034
165,10.0,1000.0,2.0,-0.4,0.1,0.11179637298031032,0.620826853638186,-0.10404756830759707,0.4255412563958736,-0.023790354349896504,0.2876507939329411,0.09714723956031039,0.10926284654255063
166,10.0,1000.0,2.0,-0.4,0.1,0.07150004763320986,0.6101462577710223,-0.009653742211247469,0.4084372723557796,-0.006549465668461963,0.242259679957219,0.09137730579081103,0.09963294895546067
167,10.0,1000.0,2.0,-0.4,0.1,0.13415448769373667,0.6314984638374171,0.11739435956163755,0.41389787781674203,0.006501895665979394,0.2531111596881445,0.09157447351437976,0.10108956024865134
168,10.0,1000.0,2.0,-0.4,0.1,0.09153117209218092,0.6211774721966272,0.19985708479231123,0.41933780278388266,0.018480079253871778,0.3014460437380721,0.10367080004936645,0.11935125777597225
169,10.0,1000.0,2.0,-0.4,0.1,0.10850845049753671,0.6265252191384044,0.28182028753501903,0.41050149840078304,0.037165103410081834,0.3067779441451776,0.1146132205588388,0.11997243772011222
170,10.0,1000.0,2.0,-0.4,0.1,0.13503612454412872,0.612693517190763,0.40682429074132875,0.4171669026692215,0.057431655180541656,0.3655016427589212,0.1290036076777289,0.13049951568675827
171,10.0,1000.0,2.0,-0.3,0.1,0.06304374486582359,0.6336360118511172,-0.40376394970966767,0.40470438579158385,-0.026254158065479122,0.36146342501698864,0.1262290579724922,0.12988197592404385
172,10.0,1000.0,2.0,-0.3,0.1,0.0948191318941389,0.6230773645257901,-0.3138558274159032,0.4026090727561895,-0.024070997161851886,0.3055632586796813,0.11282772235485052,0.11774419892143125
173,10.0,1000.0,2.0,-0.3,0.1,0.13916715827964632,0.6535159206035062,-0.18624568237124361,0.4273746301592679,-0.025097244812294413,0.3159815679987676,0.10693421817967538,0.11689568909629398
174,10.0,1000.0,2.0,-0.3,0.1,0.05941743299101664,0.6267813003583845,-0.10041974480256258,0.4196576087152285,-0.0020601340955944073,0.2690237020535219,0.09802731386551318,0.11906138061207967
175,10.0,1000.0,2.0,-0.3,0.1,0.08371925088059237,0.6427972930039123,-0.0018894744727795177,0.4218229901959245,0.005029774609211251,0.2715649326847075,0.09443445451459953,0.10978567375741267
176,10.0,1000.0,2.0,-0.3,0.1,0.08504865452879613,0.6409085012602794,0.11657736063919827,0.4140666884323131,0.008463549986209034,0.2771589433372588,0.09703299017000014,0.10781781638377401
177,10.0,1000.0,2.0,-0.3,0.1,0.13891447649373923,0.6390777887941274,0.20590864857799548,0.41405822409275744,0.029434481543702214,0.304783420553124,0.10671527376826612,0.120823451591399
178,10.0,1000.0,2.0,-0.3,0.1,0.10748057827261838,0.6625667570619274,0.30625426931259314,0.3821986133140002,0.03060019802237574,0.33555754897267615,0.11931489233070104,0.12352691495899508
179,10.0,1000.0,2.0,-0.3,0.1,0.11519040100270056,0.6248222160903689,0.41205016173136094,0.41210721360028063,0.05172114844856393,0.35924428891722787,0.13192535075298398,0.12819765677650946
180,10.0,1000.0,2.0,-0.2,0.1,0.07085268799186023,0.6247801784155848,-0.40278583756908126,0.4268106308322684,-0.030347167351977712,0.3773190775743595,0.13004994961173985,0.12962357178808004
181,10.0,1000.0,2.0,-0.2,0.1,0.11386135017747265,0.6499968003168907,-0.2752650183612947,0.4234421455521946,-0.04721289021645018,0.3082191124452145,0.11171900589279776,0.11572589207204793
182,10.0,1000.0,2.0,-0.2,0.1,0.11354931886587874,0.6258904488819542,-0.1935236956987837,0.406427983019199,-0.019914847818394962,0.2896931457751068,0.10065090428634296,0.11435749284439196
183,10.0,1000.0,2.0,-0.2,0.1,0.054892283725986576,0.6477975263095034,-0.10974392663045283,0.41712276605724796,0.0038883636367915784,0.2875389499920572,0.10173539471575418,0.11900729842384326
184,10.0,1000.0,2.0,-0.2,0.1,0.11948459675843086,0.6336088437642563,0.0008565909668477833,0.40987870754225236,-0.0027055377358268665,0.2699766213642034,0.0928201148074324,0.106834527682785
185,10.0,1000.0,2.0,-0.2,0.1,0.06851243751931903,0.6246125483893248,0.09203207982041366,0.39830967378770527,0.0015496183974641887,0.25967388629822596,0.09134684060858435,0.10275643391749595
186,10.0,1000.0,2.0,-0.2,0.1,0.10847412126095143,0.6362035168667275,0.19770713204362328,0.4067204364097141,0.03362713337835681,0.3041548759512861,0.10594321565412004,0.11849535910017889
187,10.0,1000.0,2.0,-0.2,0.1,0.09601425242635271,0.6395883468578295,0.2867549799396061,0.4094604689588972,0.03287569007987949,0.3321227609613799,0.12079393396959312,0.13231111228163758
188,10.0,1000.0,2.0,-0.2,0.1,0.11819944874480601,0.6385182832457221,0.3851330858261123,0.41094141582472465,0.06198946199115353,0.3465242164055525,0.12970933060986467,0.12939396100084807
189,10.0,1000.0,2.0,-0.1,0.1,0.07902664814201944,0.6231773127928742,-0.3908494402366027,0.41205199940124504,-0.02676735720227261,0.3684667082615765,0.1269172084803104,0.12610187701278164
190,10.0,1000.0,2.0,-0.1,0.1,0.08709783173951104,0.6374579445447609,-0.3178684380683862,0.4108600677576655,-0.04305727159369766,0.3168109574206529,0.12232790675582708,0.12772818129164296
191,10.0,1000.0,2.0,-0.1,0.1,0.10645687612505689,0.6139970240391857,-0.16761827846234673,0.41078399197820503,-0.020565051739267325,0.2692651511996363,0.09791298044065505,0.1102084748530452
192,10.0,1000.0,2.0,-0.1,0.1,0.09711491727629161,0.6694590059880174,-0.10428024112014517,0.41185872483863534,-0.003667111060303825,0.2627747337658421,0.09284294791135665,0.09945289890603806
193,10.0,1000.0,2.0,-0.1,0.1,0.10977495344824596,0.6286104537393863,0.00564918838863197,0.39745985199351674,-0.010247219633395366,0.2491399066217818,0.09038362575208919,0.10815825431513439
194,10.0,1000.0,2.0,-0.1,0.1,0.09697131156828201,0.6412796254339196,0.0918814724581699,0.377306880888696,0.000794058221865459,0.2460825779007963,0.08690421566264626,0.10147333532895467
195,10.0,1000.0,2.0,-0.1,0.1,0.10374041012266667,0.6374476579744351,0.190505404897644,0.39517238112994685,0.01905709023920511,0.2868196115366109,0.10097576494657295,0.11452128533924827
196,10.0,1000.0,2.0,-0.1,0.1,0.08067914678087319,0.6409882973782398,0.28531870101567564,0.4219182970541804,0.027576831272625925,0.33047252280071826,0.11827737133201056,0.1217973656139839
197,10.0,1000.0,2.0,-0.1,0.1,0.1301273187566256,0.6461523373200291,0.39408524057569205,0.38426275412692307,0.051860269914908136,0.3874994167372615,0.13744391458769287,0.13981832715162718
198,10.0,1000.0,2.0,0.0,0.1,0.08970705187807607,0.6289990904265872,-0.39807293876447025,0.40600798842092267,-0.027758471664811588,0.36599886762129097,0.13277381359261448,0.13520462674385275
199,10.0,1000.0,2.0,0.0,0.1,0.08790633445439476,0.627588114457915,-0.2897785050781271,0.4035343483301451,-0.015773472004996746,0.3065098115311038,0.11380820547548788,0.12036439832677566
200,10.0,1000.0,2.0,0.0,0.1,0.10572809126464297,0.6212067979173064,-0.2043464811929552,0.39619751492833394,-0.029606137379555884,0.2843328063086463,0.09838986335978825,0.11363150561932443
201,10.0,1000.0,2.0,0.0,0.1,0.08732929173611963,0.6233048073331112,-0.11404430778115403,0.4294653958777596,-0.009716267539335612,0.2772755977204817,0.09602508368995703,0.10656752155097142
202,10.0,1000.0,2.0,0.0,0.1,0.07384609883869736,0.6266061714118532,-0.007439729882891384,0.4172340644664619,0.0017531936549324322,0.27148816626690253,0.08968198817292461,0.10284634453574157
203,10.0,1000.0,2.0,0.0,0.1,0.06530241773245529,0.6505585239330754,0.09330661535920656,0.4022169862731451,0.0016141563237683538,0.2714513270204711,0.09646227494475079,0.10567186647442099
204,10.0,1000.0,2.0,0.0,0.1,0.09166244081987657,0.6293215041507402,0.17538021999081005,0.42729005417052773,0.028085134380395792,0.27788696052962464,0.10048101080876713,0.1104513556242785
205,10.0,1000.0,2.0,0.0,0.1,0.12148743440570146,0.6220569830732802,0.3024889899215185,0.4246766465931145,0.04023819753979493,0.3168049114612596,0.11570684733682908,0.12056031287287451
206,10.0,1000.0,2.0,0.0,0.1,0.1037991444544975,0.6258229321723506,0.4379731138626118,0.41642418786271584,0.057102076449007014,0.39979277335012603,0.14010261737207502,0.14028033472776177
207,10.0,1000.0,2.0,0.1,0.1,0.1233505897384617,0.6491537668261992,-0.38636555418134555,0.3967495356245238,-0.04711221848442377,0.3682428177272251,0.13201025097200772,0.13650153613759872
208,10.0,1000.0,2.0,0.1,0.1,0.1036208310780071,0.6429083733823387,-0.30531120434328723,0.3879811338114687,-0.034231606511619654,0.3216897808441254,0.11850979381713347,0.12246284210701587
209,10.0,1000.0,2.0,0.1,0.1,0.049862032110321634,0.6444910961760593,-0.19078122181228632,0.4084372566450465,-0.016578594815858026,0.2833836740928698,0.10017388148885281,0.11187734440914761
210,10.0,1000.0,2.0,0.1,0.1,0.11501392588586971,0.6367685451638446,-0.09294968992058156,0.4128834168337214,-0.009142930792852109,0.2724310941601789,0.09414852865601617,0.10825451905945838
211,10.0,1000.0,2.0,0.1,0.1,0.07032033320899143,0.6420964473049705,0.0015382303389651427,0.4146520798715134,-0.0008936508485996097,0.26857659983330884,0.09350189585104424,0.10858533258376825
212,10.0,1000.0,2.0,0.1,0.1,0.10678692721258518,0.6447495950998509,0.09181720230228209,0.4155619800938667,0.008913954300237076,0.29833920628766697,0.0972376305073877,0.11647512017246733
213,10.0,1000.0,2.0,0.1,0.1,0.07940009411589947,0.6370150807393588,0.2139412550867445,0.4057813299536968,0.012226460981026447,0.27447239636140036,0.10321929174353063,0.11178992227528181
214,10.0,1000.0,2.0,0.1,0.1,0.09674998337008552,0.6384692063520883,0.2749203321767242,0.3939727441438337,0.025902243103822713,0.30629340554226414,0.10724193433975965,0.1130259125580422
215,10.0,1000.0,2.0,0.1,0.1,0.07241873440610705,0.6085216766247792,0.37078884794551487,0.4141178832936555,0.023602175466363277,0.3371708334356796,0.12181596982111259,0.12256785988511984
216,10.0,1000.0,2.0,0.2,0.1,0.11249237707012809,0.6534039519218824,-0.40578045011986547,0.41118742130529856,-0.05275339891488156,0.3768335001391386,0.13574831514668495,0.13028940084915402
217,10.0,1000.0,2.0,0.2,0.1,0.12344611626226273,0.6279412552825364,-0.2979640752447307,0.41280210215052837,-0.0422426067405349,0.34101140092783905,0.12133541829856984,0.12675459652526286
218,10.0,1000.0,2.0,0.2,0.1,0.10999705437489188,0.6229717586922768,-0.20878131596940278,0.3945628737324385,-0.029343607091711743,0.2848460367162498,0.10570664234905272,0.11568885736251841
219,10.0,1000.0,2.0,0.2,0.1,0.09493772677141732,0.6160019255357491,-0.1185252537824009,0.39876655032791647,-0.0020259633576377575,0.2472683268968626,0.09239650093961142,0.1023249119584085
220,10.0,1000.0,2.0,0.2,0.1,0.09460799414966177,0.6343227963211924,0.0021154076607269316,0.39345083478424325,0.0038242397736665094,0.2718168775742375,0.08997416380937846,0.10228383062682951
221,10.0,1000.0,2.0,0.2,0.1,0.1043347091343268,0.6269653178481678,0.09793169069725043,0.4121277462593648,0.017965622541018033,0.26830673792032456,0.0976363589962454,0.10537459091760541
222,10.0,1000.0,2.0,0.2,0.1,0.12241252043841844,0.6193957709470654,0.2170430995649689,0.4047413491052168,0.028540177321301145,0.2921174658341351,0.10657847447988453,0.115852096009491
223,10.0,1000.0,2.0,0.2,0.1,0.09846728941465843,0.6321717458220307,0.29137830237487006,0.40298325354257314,0.023465123166536938,0.31543338511658037,0.11568928783503332,0.1221535182752668
224,10.0,1000.0,2.0,0.2,0.1,0.10347667018576766,0.6392005657722301,0.41306800965932167,0.3911672695243419,0.03175780134280168,0.3613814353179972,0.13596887272764696,0.12785369585608947
225,10.0,1000.0,2.0,0.3,0.1,0.09981446932819435,0.6258997131209527,-0.4194945112722983,0.4112411683580506,-0.03332660255063155,0.35741792267406935,0.13306046175959438,0.13365288523843097
226,10.0,1000.0,2.0,0.3,0.1,0.09673057375666871,0.6508967586113479,-0.2931025687535213,0.41066397675050215,-0.04904189149916886,0.3412460527084523,0.11399383258402841,0.12545965645986076
227,10.0,1000.0,2.0,0.3,0.1,0.07544378793165615,0.6352679547354275,-0.2161686027654468,0.40357300072661656,-0.017293589299524414,0.30776951730033275,0.10873338836211102,0.12209745881670603
228,10.0,1000.0,2.0,0.3,0.1,0.10430163162361447,0.6320139210927946,-0.10112986761780166,0.4329549389658135,-0.009457813111251207,0.2801550621208209,0.09981202300382698,0.11360291532735312
229,10.0,1000.0,2.0,0.3,0.1,0.08843200636495573,0.620441271385169,0.015586586225189955,0.42891745122035396,-0.00938691611957377,0.28141232206938077,0.09209781293794263,0.10956081650738511
230,10.0,1000.0,2.0,0.3,0.1,0.12713561747757035,0.623105679713027,0.11472484334837496,0.4111622400074966,0.013736081725535044,0.29227677914745887,0.10047436318429723,0.12278380583091844
231,10.0,1000.0,2.0,0.3,0.1,0.08969632216919728,0.6292789234031629,0.19798516733981586,0.4269887806282272,0.019600303086855148,0.2838867135690805,0.10206471892295622,0.10980669176937402
232,10.0,1000.0,2.0,0.3,0.1,0.10326232218926089,0.6389006277075694,0.3141981712717786,0.4060220612099726,0.02068068295157397,0.31760116153499984,0.1179817525280034,0.1251857802511168
233,10.0,1000.0,2.0,0.3,0.1,0.08081973857060049,0.6329202677843828,0.4028975553271779,0.427683194190247,0.038491415754965216,0.35975322938053694,0.1290300235677466,0.12697222515983012
234,10.0,1000.0,2.0,0.4,0.1,0.0962114696459618,0.6560987533817415,-0.3982959265525545,0.4008827390501918,-0.03656769653598624,0.3613469252584739,0.13281576897553427,0.13265072567558328
235,10.0,1000.0,2.0,0.4,0.1,0.10570615746768809,0.6429508031843454,-0.31232887923646824,0.40241631979177156,-0.03499695807541554,0.32448725166444237,0.1177665022082723,0.11973299044290223
236,10.0,1000.0,2.0,0.4,0.1,0.1244600413417371,0.6378065032282668,-0.19839326575068228,0.4035970736430493,-0.02198951030417789,0.29514753297815377,0.10502774042389312,0.12041607831380434
237,10.0,1000.0,2.0,0.4,0.1,0.06860499865635336,0.6452211195631918,-0.0966543977651197,0.40440023070642456,-0.006529879933833279,0.2663690717018563,0.09491091859682112,0.10324534058942243
238,10.0,1000.0,2.0,0.4,0.1,0.11553475469888591,0.6378173348796103,0.00948554226475185,0.42338811775744495,-0.018568742361535374,0.27073544180819364,0.10118791306871143,0.11433763001162575
239,10.0,1000.0,2.0,0.4,0.1,0.07734466105020653,0.6267278153572047,0.08313636126690818,0.40909099137632626,-0.007577732267287473,0.25721927334190714,0.09339328206418913,0.10660618837194914
240,10.0,1000.0,2.0,0.4,0.1,0.12713263505718636,0.6172871135877901,0.20538145684397544,0.41260026959431717,0.024139066947921572,0.29995218235072846,0.10711833711284294,0.12047382422697925
241,10.0,1000.0,2.0,0.4,0.1,0.1122004984034392,0.622960089185584,0.3041866028126071,0.4098385130207334,0.0387608577396362,0.3046315393814281,0.11464090399675796,0.11313446104117231
242,10.0,1000.0,2.0,0.4,0.1,0.069781379715939,0.6377915277753193,0.4088465822408752,0.4145314428977045,0.0318882913995809,0.3778725003401143,0.1339531150113719,0.13290164712980335
